--
-- PostgreSQL database dump
--

-- Dumped from database version 17.4 (Debian 17.4-1)
-- Dumped by pg_dump version 17.4 (Debian 17.4-1)

SET statement_timeout = 0;
SET lock_timeout = 0;
SET idle_in_transaction_session_timeout = 0;
SET transaction_timeout = 0;
SET client_encoding = 'UTF8';
SET standard_conforming_strings = on;
SELECT pg_catalog.set_config('search_path', '', false);
SET check_function_bodies = false;
SET xmloption = content;
SET client_min_messages = warning;
SET row_security = off;

--
-- Name: public; Type: SCHEMA; Schema: -; Owner: jetlux_admin
--

-- *not* creating schema, since initdb creates it


ALTER SCHEMA public OWNER TO jetlux_admin;

SET default_tablespace = '';

SET default_table_access_method = heap;

--
-- Name: auth_group; Type: TABLE; Schema: public; Owner: jetlux_admin
--

CREATE TABLE public.auth_group (
    id integer NOT NULL,
    name character varying(150) NOT NULL
);


ALTER TABLE public.auth_group OWNER TO jetlux_admin;

--
-- Name: auth_group_id_seq; Type: SEQUENCE; Schema: public; Owner: jetlux_admin
--

ALTER TABLE public.auth_group ALTER COLUMN id ADD GENERATED BY DEFAULT AS IDENTITY (
    SEQUENCE NAME public.auth_group_id_seq
    START WITH 1
    INCREMENT BY 1
    NO MINVALUE
    NO MAXVALUE
    CACHE 1
);


--
-- Name: auth_group_permissions; Type: TABLE; Schema: public; Owner: jetlux_admin
--

CREATE TABLE public.auth_group_permissions (
    id bigint NOT NULL,
    group_id integer NOT NULL,
    permission_id integer NOT NULL
);


ALTER TABLE public.auth_group_permissions OWNER TO jetlux_admin;

--
-- Name: auth_group_permissions_id_seq; Type: SEQUENCE; Schema: public; Owner: jetlux_admin
--

ALTER TABLE public.auth_group_permissions ALTER COLUMN id ADD GENERATED BY DEFAULT AS IDENTITY (
    SEQUENCE NAME public.auth_group_permissions_id_seq
    START WITH 1
    INCREMENT BY 1
    NO MINVALUE
    NO MAXVALUE
    CACHE 1
);


--
-- Name: auth_permission; Type: TABLE; Schema: public; Owner: jetlux_admin
--

CREATE TABLE public.auth_permission (
    id integer NOT NULL,
    name character varying(255) NOT NULL,
    content_type_id integer NOT NULL,
    codename character varying(100) NOT NULL
);


ALTER TABLE public.auth_permission OWNER TO jetlux_admin;

--
-- Name: auth_permission_id_seq; Type: SEQUENCE; Schema: public; Owner: jetlux_admin
--

ALTER TABLE public.auth_permission ALTER COLUMN id ADD GENERATED BY DEFAULT AS IDENTITY (
    SEQUENCE NAME public.auth_permission_id_seq
    START WITH 1
    INCREMENT BY 1
    NO MINVALUE
    NO MAXVALUE
    CACHE 1
);


--
-- Name: django_admin_log; Type: TABLE; Schema: public; Owner: jetlux_admin
--

CREATE TABLE public.django_admin_log (
    id integer NOT NULL,
    action_time timestamp with time zone NOT NULL,
    object_id text,
    object_repr character varying(200) NOT NULL,
    action_flag smallint NOT NULL,
    change_message text NOT NULL,
    content_type_id integer,
    user_id bigint NOT NULL,
    CONSTRAINT django_admin_log_action_flag_check CHECK ((action_flag >= 0))
);


ALTER TABLE public.django_admin_log OWNER TO jetlux_admin;

--
-- Name: django_admin_log_id_seq; Type: SEQUENCE; Schema: public; Owner: jetlux_admin
--

ALTER TABLE public.django_admin_log ALTER COLUMN id ADD GENERATED BY DEFAULT AS IDENTITY (
    SEQUENCE NAME public.django_admin_log_id_seq
    START WITH 1
    INCREMENT BY 1
    NO MINVALUE
    NO MAXVALUE
    CACHE 1
);


--
-- Name: django_content_type; Type: TABLE; Schema: public; Owner: jetlux_admin
--

CREATE TABLE public.django_content_type (
    id integer NOT NULL,
    app_label character varying(100) NOT NULL,
    model character varying(100) NOT NULL
);


ALTER TABLE public.django_content_type OWNER TO jetlux_admin;

--
-- Name: django_content_type_id_seq; Type: SEQUENCE; Schema: public; Owner: jetlux_admin
--

ALTER TABLE public.django_content_type ALTER COLUMN id ADD GENERATED BY DEFAULT AS IDENTITY (
    SEQUENCE NAME public.django_content_type_id_seq
    START WITH 1
    INCREMENT BY 1
    NO MINVALUE
    NO MAXVALUE
    CACHE 1
);


--
-- Name: django_migrations; Type: TABLE; Schema: public; Owner: jetlux_admin
--

CREATE TABLE public.django_migrations (
    id bigint NOT NULL,
    app character varying(255) NOT NULL,
    name character varying(255) NOT NULL,
    applied timestamp with time zone NOT NULL
);


ALTER TABLE public.django_migrations OWNER TO jetlux_admin;

--
-- Name: django_migrations_id_seq; Type: SEQUENCE; Schema: public; Owner: jetlux_admin
--

ALTER TABLE public.django_migrations ALTER COLUMN id ADD GENERATED BY DEFAULT AS IDENTITY (
    SEQUENCE NAME public.django_migrations_id_seq
    START WITH 1
    INCREMENT BY 1
    NO MINVALUE
    NO MAXVALUE
    CACHE 1
);


--
-- Name: django_session; Type: TABLE; Schema: public; Owner: jetlux_admin
--

CREATE TABLE public.django_session (
    session_key character varying(40) NOT NULL,
    session_data text NOT NULL,
    expire_date timestamp with time zone NOT NULL
);


ALTER TABLE public.django_session OWNER TO jetlux_admin;

--
-- Name: rentals_appointment; Type: TABLE; Schema: public; Owner: jetlux_admin
--

CREATE TABLE public.rentals_appointment (
    id bigint NOT NULL,
    start_time timestamp with time zone NOT NULL,
    end_time timestamp with time zone NOT NULL,
    buddy_id bigint NOT NULL,
    promo_code character varying(50),
    user_id bigint
);


ALTER TABLE public.rentals_appointment OWNER TO jetlux_admin;

--
-- Name: rentals_appointment_id_seq; Type: SEQUENCE; Schema: public; Owner: jetlux_admin
--

ALTER TABLE public.rentals_appointment ALTER COLUMN id ADD GENERATED BY DEFAULT AS IDENTITY (
    SEQUENCE NAME public.rentals_appointment_id_seq
    START WITH 1
    INCREMENT BY 1
    NO MINVALUE
    NO MAXVALUE
    CACHE 1
);


--
-- Name: rentals_photo; Type: TABLE; Schema: public; Owner: jetlux_admin
--

CREATE TABLE public.rentals_photo (
    id bigint NOT NULL,
    image character varying(100) NOT NULL,
    caption character varying(255) NOT NULL,
    user_id bigint NOT NULL,
    uploaded_at timestamp with time zone NOT NULL,
    photo_type character varying(10) NOT NULL,
    rental_id bigint
);


ALTER TABLE public.rentals_photo OWNER TO jetlux_admin;

--
-- Name: rentals_photo_id_seq; Type: SEQUENCE; Schema: public; Owner: jetlux_admin
--

ALTER TABLE public.rentals_photo ALTER COLUMN id ADD GENERATED BY DEFAULT AS IDENTITY (
    SEQUENCE NAME public.rentals_photo_id_seq
    START WITH 1
    INCREMENT BY 1
    NO MINVALUE
    NO MAXVALUE
    CACHE 1
);


--
-- Name: rentals_rental; Type: TABLE; Schema: public; Owner: jetlux_admin
--

CREATE TABLE public.rentals_rental (
    id bigint NOT NULL,
    start_time timestamp with time zone NOT NULL,
    end_time timestamp with time zone NOT NULL,
    user_id bigint NOT NULL,
    jet_ski_type character varying(20) NOT NULL,
    jet_ski_image character varying(100),
    promo_code character varying(50),
    checkin_complete boolean NOT NULL,
    checkout_complete boolean NOT NULL
);


ALTER TABLE public.rentals_rental OWNER TO jetlux_admin;

--
-- Name: rentals_rental_id_seq; Type: SEQUENCE; Schema: public; Owner: jetlux_admin
--

ALTER TABLE public.rentals_rental ALTER COLUMN id ADD GENERATED BY DEFAULT AS IDENTITY (
    SEQUENCE NAME public.rentals_rental_id_seq
    START WITH 1
    INCREMENT BY 1
    NO MINVALUE
    NO MAXVALUE
    CACHE 1
);


--
-- Name: rentals_review; Type: TABLE; Schema: public; Owner: jetlux_admin
--

CREATE TABLE public.rentals_review (
    id bigint NOT NULL,
    content text NOT NULL,
    created_at timestamp with time zone NOT NULL,
    user_id bigint NOT NULL
);


ALTER TABLE public.rentals_review OWNER TO jetlux_admin;

--
-- Name: rentals_review_id_seq; Type: SEQUENCE; Schema: public; Owner: jetlux_admin
--

ALTER TABLE public.rentals_review ALTER COLUMN id ADD GENERATED BY DEFAULT AS IDENTITY (
    SEQUENCE NAME public.rentals_review_id_seq
    START WITH 1
    INCREMENT BY 1
    NO MINVALUE
    NO MAXVALUE
    CACHE 1
);


--
-- Name: rentals_skibuddy; Type: TABLE; Schema: public; Owner: jetlux_admin
--

CREATE TABLE public.rentals_skibuddy (
    id bigint NOT NULL,
    availability character varying(100) NOT NULL,
    experience_level character varying(50) NOT NULL,
    rating numeric(3,2) NOT NULL,
    buddy_bio text NOT NULL,
    user_id bigint NOT NULL,
    rate_per_hour numeric(6,2) NOT NULL
);


ALTER TABLE public.rentals_skibuddy OWNER TO jetlux_admin;

--
-- Name: rentals_skibuddy_id_seq; Type: SEQUENCE; Schema: public; Owner: jetlux_admin
--

ALTER TABLE public.rentals_skibuddy ALTER COLUMN id ADD GENERATED BY DEFAULT AS IDENTITY (
    SEQUENCE NAME public.rentals_skibuddy_id_seq
    START WITH 1
    INCREMENT BY 1
    NO MINVALUE
    NO MAXVALUE
    CACHE 1
);


--
-- Name: rentals_user; Type: TABLE; Schema: public; Owner: jetlux_admin
--

CREATE TABLE public.rentals_user (
    id bigint NOT NULL,
    password character varying(128) NOT NULL,
    last_login timestamp with time zone,
    is_superuser boolean NOT NULL,
    username character varying(150) NOT NULL,
    first_name character varying(150) NOT NULL,
    last_name character varying(150) NOT NULL,
    email character varying(254) NOT NULL,
    is_staff boolean NOT NULL,
    is_active boolean NOT NULL,
    date_joined timestamp with time zone NOT NULL,
    bio text,
    is_ski_buddy boolean NOT NULL,
    user_type character varying(20) NOT NULL,
    business_name character varying(255),
    is_affiliate boolean NOT NULL,
    license_number character varying(100),
    profile_picture character varying(100)
);


ALTER TABLE public.rentals_user OWNER TO jetlux_admin;

--
-- Name: rentals_user_groups; Type: TABLE; Schema: public; Owner: jetlux_admin
--

CREATE TABLE public.rentals_user_groups (
    id bigint NOT NULL,
    user_id bigint NOT NULL,
    group_id integer NOT NULL
);


ALTER TABLE public.rentals_user_groups OWNER TO jetlux_admin;

--
-- Name: rentals_user_groups_id_seq; Type: SEQUENCE; Schema: public; Owner: jetlux_admin
--

ALTER TABLE public.rentals_user_groups ALTER COLUMN id ADD GENERATED BY DEFAULT AS IDENTITY (
    SEQUENCE NAME public.rentals_user_groups_id_seq
    START WITH 1
    INCREMENT BY 1
    NO MINVALUE
    NO MAXVALUE
    CACHE 1
);


--
-- Name: rentals_user_id_seq; Type: SEQUENCE; Schema: public; Owner: jetlux_admin
--

ALTER TABLE public.rentals_user ALTER COLUMN id ADD GENERATED BY DEFAULT AS IDENTITY (
    SEQUENCE NAME public.rentals_user_id_seq
    START WITH 1
    INCREMENT BY 1
    NO MINVALUE
    NO MAXVALUE
    CACHE 1
);


--
-- Name: rentals_user_user_permissions; Type: TABLE; Schema: public; Owner: jetlux_admin
--

CREATE TABLE public.rentals_user_user_permissions (
    id bigint NOT NULL,
    user_id bigint NOT NULL,
    permission_id integer NOT NULL
);


ALTER TABLE public.rentals_user_user_permissions OWNER TO jetlux_admin;

--
-- Name: rentals_user_user_permissions_id_seq; Type: SEQUENCE; Schema: public; Owner: jetlux_admin
--

ALTER TABLE public.rentals_user_user_permissions ALTER COLUMN id ADD GENERATED BY DEFAULT AS IDENTITY (
    SEQUENCE NAME public.rentals_user_user_permissions_id_seq
    START WITH 1
    INCREMENT BY 1
    NO MINVALUE
    NO MAXVALUE
    CACHE 1
);


--
-- Name: rentals_vehicle; Type: TABLE; Schema: public; Owner: jetlux_admin
--

CREATE TABLE public.rentals_vehicle (
    id bigint NOT NULL,
    name character varying(100) NOT NULL,
    description text NOT NULL,
    image character varying(100),
    is_available boolean NOT NULL,
    vehicle_type character varying(20) NOT NULL,
    horsepower integer NOT NULL,
    rider_capacity integer NOT NULL,
    top_speed_mph integer NOT NULL,
    fuel_capacity_gal numeric(5,2) NOT NULL,
    storage_capacity_gal numeric(5,2) NOT NULL,
    weight_capacity_lb integer NOT NULL,
    has_brake_reverse boolean NOT NULL,
    has_audio boolean NOT NULL,
    has_display boolean NOT NULL,
    owner_id bigint NOT NULL,
    rental_rate numeric(6,2) NOT NULL,
    pickup_address character varying(500),
    pickup_location_name character varying(100),
    CONSTRAINT rentals_vehicle_horsepower_check CHECK ((horsepower >= 0)),
    CONSTRAINT rentals_vehicle_rider_capacity_check CHECK ((rider_capacity >= 0)),
    CONSTRAINT rentals_vehicle_top_speed_mph_check CHECK ((top_speed_mph >= 0)),
    CONSTRAINT rentals_vehicle_weight_capacity_lb_check CHECK ((weight_capacity_lb >= 0))
);


ALTER TABLE public.rentals_vehicle OWNER TO jetlux_admin;

--
-- Name: rentals_vehicle_id_seq; Type: SEQUENCE; Schema: public; Owner: jetlux_admin
--

ALTER TABLE public.rentals_vehicle ALTER COLUMN id ADD GENERATED BY DEFAULT AS IDENTITY (
    SEQUENCE NAME public.rentals_vehicle_id_seq
    START WITH 1
    INCREMENT BY 1
    NO MINVALUE
    NO MAXVALUE
    CACHE 1
);


--
-- Name: rentals_waiveragreement; Type: TABLE; Schema: public; Owner: jetlux_admin
--

CREATE TABLE public.rentals_waiveragreement (
    id bigint NOT NULL,
    accepted_at timestamp with time zone NOT NULL,
    version character varying(10) NOT NULL,
    user_id bigint NOT NULL
);


ALTER TABLE public.rentals_waiveragreement OWNER TO jetlux_admin;

--
-- Name: rentals_waiveragreement_id_seq; Type: SEQUENCE; Schema: public; Owner: jetlux_admin
--

ALTER TABLE public.rentals_waiveragreement ALTER COLUMN id ADD GENERATED BY DEFAULT AS IDENTITY (
    SEQUENCE NAME public.rentals_waiveragreement_id_seq
    START WITH 1
    INCREMENT BY 1
    NO MINVALUE
    NO MAXVALUE
    CACHE 1
);


--
-- Data for Name: auth_group; Type: TABLE DATA; Schema: public; Owner: jetlux_admin
--

COPY public.auth_group (id, name) FROM stdin;
\.


--
-- Data for Name: auth_group_permissions; Type: TABLE DATA; Schema: public; Owner: jetlux_admin
--

COPY public.auth_group_permissions (id, group_id, permission_id) FROM stdin;
\.


--
-- Data for Name: auth_permission; Type: TABLE DATA; Schema: public; Owner: jetlux_admin
--

COPY public.auth_permission (id, name, content_type_id, codename) FROM stdin;
1	Can add user	1	add_user
2	Can change user	1	change_user
3	Can delete user	1	delete_user
4	Can view user	1	view_user
5	Can add ski buddy	2	add_skibuddy
6	Can change ski buddy	2	change_skibuddy
7	Can delete ski buddy	2	delete_skibuddy
8	Can view ski buddy	2	view_skibuddy
9	Can add appointment	3	add_appointment
10	Can change appointment	3	change_appointment
11	Can delete appointment	3	delete_appointment
12	Can view appointment	3	view_appointment
13	Can add rental	4	add_rental
14	Can change rental	4	change_rental
15	Can delete rental	4	delete_rental
16	Can view rental	4	view_rental
17	Can add photo	5	add_photo
18	Can change photo	5	change_photo
19	Can delete photo	5	delete_photo
20	Can view photo	5	view_photo
21	Can add vehicle	6	add_vehicle
22	Can change vehicle	6	change_vehicle
23	Can delete vehicle	6	delete_vehicle
24	Can view vehicle	6	view_vehicle
25	Can add waiver agreement	7	add_waiveragreement
26	Can change waiver agreement	7	change_waiveragreement
27	Can delete waiver agreement	7	delete_waiveragreement
28	Can view waiver agreement	7	view_waiveragreement
29	Can add review	8	add_review
30	Can change review	8	change_review
31	Can delete review	8	delete_review
32	Can view review	8	view_review
33	Can add log entry	9	add_logentry
34	Can change log entry	9	change_logentry
35	Can delete log entry	9	delete_logentry
36	Can view log entry	9	view_logentry
37	Can add permission	10	add_permission
38	Can change permission	10	change_permission
39	Can delete permission	10	delete_permission
40	Can view permission	10	view_permission
41	Can add group	11	add_group
42	Can change group	11	change_group
43	Can delete group	11	delete_group
44	Can view group	11	view_group
45	Can add content type	12	add_contenttype
46	Can change content type	12	change_contenttype
47	Can delete content type	12	delete_contenttype
48	Can view content type	12	view_contenttype
49	Can add session	13	add_session
50	Can change session	13	change_session
51	Can delete session	13	delete_session
52	Can view session	13	view_session
\.


--
-- Data for Name: django_admin_log; Type: TABLE DATA; Schema: public; Owner: jetlux_admin
--

COPY public.django_admin_log (id, action_time, object_id, object_repr, action_flag, change_message, content_type_id, user_id) FROM stdin;
\.


--
-- Data for Name: django_content_type; Type: TABLE DATA; Schema: public; Owner: jetlux_admin
--

COPY public.django_content_type (id, app_label, model) FROM stdin;
1	rentals	user
2	rentals	skibuddy
3	rentals	appointment
4	rentals	rental
5	rentals	photo
6	rentals	vehicle
7	rentals	waiveragreement
8	rentals	review
9	admin	logentry
10	auth	permission
11	auth	group
12	contenttypes	contenttype
13	sessions	session
\.


--
-- Data for Name: django_migrations; Type: TABLE DATA; Schema: public; Owner: jetlux_admin
--

COPY public.django_migrations (id, app, name, applied) FROM stdin;
1	contenttypes	0001_initial	2025-07-15 07:17:46.620111-04
2	contenttypes	0002_remove_content_type_name	2025-07-15 07:17:46.625161-04
3	auth	0001_initial	2025-07-15 07:17:46.639454-04
4	auth	0002_alter_permission_name_max_length	2025-07-15 07:17:46.642571-04
5	auth	0003_alter_user_email_max_length	2025-07-15 07:17:46.6453-04
6	auth	0004_alter_user_username_opts	2025-07-15 07:17:46.648364-04
7	auth	0005_alter_user_last_login_null	2025-07-15 07:17:46.651277-04
8	auth	0006_require_contenttypes_0002	2025-07-15 07:17:46.652775-04
9	auth	0007_alter_validators_add_error_messages	2025-07-15 07:17:46.655739-04
10	auth	0008_alter_user_username_max_length	2025-07-15 07:17:46.658633-04
11	auth	0009_alter_user_last_name_max_length	2025-07-15 07:17:46.66499-04
12	auth	0010_alter_group_name_max_length	2025-07-15 07:17:46.66935-04
13	auth	0011_update_proxy_permissions	2025-07-15 07:17:46.671952-04
14	auth	0012_alter_user_first_name_max_length	2025-07-15 07:17:46.719329-04
15	rentals	0001_initial	2025-07-15 07:17:46.740472-04
16	admin	0001_initial	2025-07-15 07:17:46.748468-04
17	admin	0002_logentry_remove_auto_add	2025-07-15 07:17:46.752527-04
18	admin	0003_logentry_add_action_flag_choices	2025-07-15 07:17:46.757461-04
19	rentals	0002_appointment_rental	2025-07-15 07:17:46.772866-04
20	rentals	0003_rental_jet_ski_type	2025-07-15 07:17:46.778562-04
21	rentals	0004_skibuddy_user_picture	2025-07-15 07:17:46.783831-04
22	rentals	0005_alter_skibuddy_user_picture	2025-07-15 07:17:46.788619-04
23	rentals	0006_photo	2025-07-15 07:17:46.79892-04
24	rentals	0007_photo_uploaded_at_rental_jet_ski_image	2025-07-15 07:17:46.809825-04
25	rentals	0008_jetski	2025-07-15 07:17:46.812458-04
26	rentals	0009_jetski_fuel_capacity_gal_jetski_has_audio_and_more	2025-07-15 07:17:46.82652-04
27	rentals	0010_appointment_promo_code_appointment_user	2025-07-15 07:17:46.836553-04
28	rentals	0011_alter_appointment_user	2025-07-15 07:17:46.846814-04
29	rentals	0012_rental_promo_code	2025-07-15 07:17:46.85393-04
30	rentals	0013_vehicle_delete_jetski_user_user_type_vehicle_owner	2025-07-15 07:17:46.874261-04
31	rentals	0014_user_business_name_user_is_affiliate_and_more	2025-07-15 07:17:46.892192-04
32	rentals	0015_waiveragreement	2025-07-15 07:17:46.901176-04
33	rentals	0016_skibuddy_rate_per_hour	2025-07-15 07:17:46.907848-04
34	rentals	0017_photo_photo_type_photo_rental_and_more	2025-07-15 07:17:46.939458-04
35	rentals	0018_vehicle_pickup_address_vehicle_pickup_location_name	2025-07-15 07:17:46.951244-04
36	rentals	0019_review	2025-07-15 07:17:46.961548-04
37	rentals	0020_remove_skibuddy_user_picture_user_profile_picture	2025-07-15 07:17:46.97857-04
38	sessions	0001_initial	2025-07-15 07:17:46.983659-04
\.


--
-- Data for Name: django_session; Type: TABLE DATA; Schema: public; Owner: jetlux_admin
--

COPY public.django_session (session_key, session_data, expire_date) FROM stdin;
jqpga9rxpcu2jga5j6gdu1805n49csg0	.eJxVjMsOwiAQRf-FtSE86gAu3fcbmhkGpGogKe3K-O_apAvd3nPOfYkJt7VMW0_LNLO4CC1OvxthfKS6A75jvTUZW12XmeSuyIN2OTZOz-vh_h0U7OVbg9E-B1aW1MAALhvPNlpiJj3Y4IGdIcrA6FwgT-eI4CkFFdBrC1q8P-E-N-I:1ubdgu:fGiWw5JIEXPUXW3NiRTaepB_4xin62mrRmdRqtAdtSc	2025-07-29 07:19:20.241782-04
\.


--
-- Data for Name: rentals_appointment; Type: TABLE DATA; Schema: public; Owner: jetlux_admin
--

COPY public.rentals_appointment (id, start_time, end_time, buddy_id, promo_code, user_id) FROM stdin;
\.


--
-- Data for Name: rentals_photo; Type: TABLE DATA; Schema: public; Owner: jetlux_admin
--

COPY public.rentals_photo (id, image, caption, user_id, uploaded_at, photo_type, rental_id) FROM stdin;
\.


--
-- Data for Name: rentals_rental; Type: TABLE DATA; Schema: public; Owner: jetlux_admin
--

COPY public.rentals_rental (id, start_time, end_time, user_id, jet_ski_type, jet_ski_image, promo_code, checkin_complete, checkout_complete) FROM stdin;
\.


--
-- Data for Name: rentals_review; Type: TABLE DATA; Schema: public; Owner: jetlux_admin
--

COPY public.rentals_review (id, content, created_at, user_id) FROM stdin;
1	The rental was amazing! This is a test by the way...	2025-07-15 07:20:23.551803-04	1
\.


--
-- Data for Name: rentals_skibuddy; Type: TABLE DATA; Schema: public; Owner: jetlux_admin
--

COPY public.rentals_skibuddy (id, availability, experience_level, rating, buddy_bio, user_id, rate_per_hour) FROM stdin;
\.


--
-- Data for Name: rentals_user; Type: TABLE DATA; Schema: public; Owner: jetlux_admin
--

COPY public.rentals_user (id, password, last_login, is_superuser, username, first_name, last_name, email, is_staff, is_active, date_joined, bio, is_ski_buddy, user_type, business_name, is_affiliate, license_number, profile_picture) FROM stdin;
1	pbkdf2_sha256$1000000$0TphgEos69k597WQ7xpBbj$5Z/9OmDW0dfFn/uhib/RoGh1mf9KL1Q8u+aIAfMKdcE=	2025-07-15 07:19:20.240471-04	f	testuser1			test@test.com	f	t	2025-07-15 07:19:19.989794-04		f	regular	Testing123	t	32455423	user_profiles/example_gOPgnlS.png
\.


--
-- Data for Name: rentals_user_groups; Type: TABLE DATA; Schema: public; Owner: jetlux_admin
--

COPY public.rentals_user_groups (id, user_id, group_id) FROM stdin;
\.


--
-- Data for Name: rentals_user_user_permissions; Type: TABLE DATA; Schema: public; Owner: jetlux_admin
--

COPY public.rentals_user_user_permissions (id, user_id, permission_id) FROM stdin;
\.


--
-- Data for Name: rentals_vehicle; Type: TABLE DATA; Schema: public; Owner: jetlux_admin
--

COPY public.rentals_vehicle (id, name, description, image, is_available, vehicle_type, horsepower, rider_capacity, top_speed_mph, fuel_capacity_gal, storage_capacity_gal, weight_capacity_lb, has_brake_reverse, has_audio, has_display, owner_id, rental_rate, pickup_address, pickup_location_name) FROM stdin;
\.


--
-- Data for Name: rentals_waiveragreement; Type: TABLE DATA; Schema: public; Owner: jetlux_admin
--

COPY public.rentals_waiveragreement (id, accepted_at, version, user_id) FROM stdin;
1	2025-07-15 07:19:38.239795-04	v1.0	1
\.


--
-- Name: auth_group_id_seq; Type: SEQUENCE SET; Schema: public; Owner: jetlux_admin
--

SELECT pg_catalog.setval('public.auth_group_id_seq', 1, false);


--
-- Name: auth_group_permissions_id_seq; Type: SEQUENCE SET; Schema: public; Owner: jetlux_admin
--

SELECT pg_catalog.setval('public.auth_group_permissions_id_seq', 1, false);


--
-- Name: auth_permission_id_seq; Type: SEQUENCE SET; Schema: public; Owner: jetlux_admin
--

SELECT pg_catalog.setval('public.auth_permission_id_seq', 52, true);


--
-- Name: django_admin_log_id_seq; Type: SEQUENCE SET; Schema: public; Owner: jetlux_admin
--

SELECT pg_catalog.setval('public.django_admin_log_id_seq', 1, false);


--
-- Name: django_content_type_id_seq; Type: SEQUENCE SET; Schema: public; Owner: jetlux_admin
--

SELECT pg_catalog.setval('public.django_content_type_id_seq', 13, true);


--
-- Name: django_migrations_id_seq; Type: SEQUENCE SET; Schema: public; Owner: jetlux_admin
--

SELECT pg_catalog.setval('public.django_migrations_id_seq', 38, true);


--
-- Name: rentals_appointment_id_seq; Type: SEQUENCE SET; Schema: public; Owner: jetlux_admin
--

SELECT pg_catalog.setval('public.rentals_appointment_id_seq', 1, false);


--
-- Name: rentals_photo_id_seq; Type: SEQUENCE SET; Schema: public; Owner: jetlux_admin
--

SELECT pg_catalog.setval('public.rentals_photo_id_seq', 1, false);


--
-- Name: rentals_rental_id_seq; Type: SEQUENCE SET; Schema: public; Owner: jetlux_admin
--

SELECT pg_catalog.setval('public.rentals_rental_id_seq', 1, false);


--
-- Name: rentals_review_id_seq; Type: SEQUENCE SET; Schema: public; Owner: jetlux_admin
--

SELECT pg_catalog.setval('public.rentals_review_id_seq', 1, true);


--
-- Name: rentals_skibuddy_id_seq; Type: SEQUENCE SET; Schema: public; Owner: jetlux_admin
--

SELECT pg_catalog.setval('public.rentals_skibuddy_id_seq', 1, false);


--
-- Name: rentals_user_groups_id_seq; Type: SEQUENCE SET; Schema: public; Owner: jetlux_admin
--

SELECT pg_catalog.setval('public.rentals_user_groups_id_seq', 1, false);


--
-- Name: rentals_user_id_seq; Type: SEQUENCE SET; Schema: public; Owner: jetlux_admin
--

SELECT pg_catalog.setval('public.rentals_user_id_seq', 1, true);


--
-- Name: rentals_user_user_permissions_id_seq; Type: SEQUENCE SET; Schema: public; Owner: jetlux_admin
--

SELECT pg_catalog.setval('public.rentals_user_user_permissions_id_seq', 1, false);


--
-- Name: rentals_vehicle_id_seq; Type: SEQUENCE SET; Schema: public; Owner: jetlux_admin
--

SELECT pg_catalog.setval('public.rentals_vehicle_id_seq', 1, false);


--
-- Name: rentals_waiveragreement_id_seq; Type: SEQUENCE SET; Schema: public; Owner: jetlux_admin
--

SELECT pg_catalog.setval('public.rentals_waiveragreement_id_seq', 1, true);


--
-- Name: auth_group auth_group_name_key; Type: CONSTRAINT; Schema: public; Owner: jetlux_admin
--

ALTER TABLE ONLY public.auth_group
    ADD CONSTRAINT auth_group_name_key UNIQUE (name);


--
-- Name: auth_group_permissions auth_group_permissions_group_id_permission_id_0cd325b0_uniq; Type: CONSTRAINT; Schema: public; Owner: jetlux_admin
--

ALTER TABLE ONLY public.auth_group_permissions
    ADD CONSTRAINT auth_group_permissions_group_id_permission_id_0cd325b0_uniq UNIQUE (group_id, permission_id);


--
-- Name: auth_group_permissions auth_group_permissions_pkey; Type: CONSTRAINT; Schema: public; Owner: jetlux_admin
--

ALTER TABLE ONLY public.auth_group_permissions
    ADD CONSTRAINT auth_group_permissions_pkey PRIMARY KEY (id);


--
-- Name: auth_group auth_group_pkey; Type: CONSTRAINT; Schema: public; Owner: jetlux_admin
--

ALTER TABLE ONLY public.auth_group
    ADD CONSTRAINT auth_group_pkey PRIMARY KEY (id);


--
-- Name: auth_permission auth_permission_content_type_id_codename_01ab375a_uniq; Type: CONSTRAINT; Schema: public; Owner: jetlux_admin
--

ALTER TABLE ONLY public.auth_permission
    ADD CONSTRAINT auth_permission_content_type_id_codename_01ab375a_uniq UNIQUE (content_type_id, codename);


--
-- Name: auth_permission auth_permission_pkey; Type: CONSTRAINT; Schema: public; Owner: jetlux_admin
--

ALTER TABLE ONLY public.auth_permission
    ADD CONSTRAINT auth_permission_pkey PRIMARY KEY (id);


--
-- Name: django_admin_log django_admin_log_pkey; Type: CONSTRAINT; Schema: public; Owner: jetlux_admin
--

ALTER TABLE ONLY public.django_admin_log
    ADD CONSTRAINT django_admin_log_pkey PRIMARY KEY (id);


--
-- Name: django_content_type django_content_type_app_label_model_76bd3d3b_uniq; Type: CONSTRAINT; Schema: public; Owner: jetlux_admin
--

ALTER TABLE ONLY public.django_content_type
    ADD CONSTRAINT django_content_type_app_label_model_76bd3d3b_uniq UNIQUE (app_label, model);


--
-- Name: django_content_type django_content_type_pkey; Type: CONSTRAINT; Schema: public; Owner: jetlux_admin
--

ALTER TABLE ONLY public.django_content_type
    ADD CONSTRAINT django_content_type_pkey PRIMARY KEY (id);


--
-- Name: django_migrations django_migrations_pkey; Type: CONSTRAINT; Schema: public; Owner: jetlux_admin
--

ALTER TABLE ONLY public.django_migrations
    ADD CONSTRAINT django_migrations_pkey PRIMARY KEY (id);


--
-- Name: django_session django_session_pkey; Type: CONSTRAINT; Schema: public; Owner: jetlux_admin
--

ALTER TABLE ONLY public.django_session
    ADD CONSTRAINT django_session_pkey PRIMARY KEY (session_key);


--
-- Name: rentals_appointment rentals_appointment_pkey; Type: CONSTRAINT; Schema: public; Owner: jetlux_admin
--

ALTER TABLE ONLY public.rentals_appointment
    ADD CONSTRAINT rentals_appointment_pkey PRIMARY KEY (id);


--
-- Name: rentals_photo rentals_photo_pkey; Type: CONSTRAINT; Schema: public; Owner: jetlux_admin
--

ALTER TABLE ONLY public.rentals_photo
    ADD CONSTRAINT rentals_photo_pkey PRIMARY KEY (id);


--
-- Name: rentals_rental rentals_rental_pkey; Type: CONSTRAINT; Schema: public; Owner: jetlux_admin
--

ALTER TABLE ONLY public.rentals_rental
    ADD CONSTRAINT rentals_rental_pkey PRIMARY KEY (id);


--
-- Name: rentals_review rentals_review_pkey; Type: CONSTRAINT; Schema: public; Owner: jetlux_admin
--

ALTER TABLE ONLY public.rentals_review
    ADD CONSTRAINT rentals_review_pkey PRIMARY KEY (id);


--
-- Name: rentals_skibuddy rentals_skibuddy_pkey; Type: CONSTRAINT; Schema: public; Owner: jetlux_admin
--

ALTER TABLE ONLY public.rentals_skibuddy
    ADD CONSTRAINT rentals_skibuddy_pkey PRIMARY KEY (id);


--
-- Name: rentals_skibuddy rentals_skibuddy_user_id_key; Type: CONSTRAINT; Schema: public; Owner: jetlux_admin
--

ALTER TABLE ONLY public.rentals_skibuddy
    ADD CONSTRAINT rentals_skibuddy_user_id_key UNIQUE (user_id);


--
-- Name: rentals_user_groups rentals_user_groups_pkey; Type: CONSTRAINT; Schema: public; Owner: jetlux_admin
--

ALTER TABLE ONLY public.rentals_user_groups
    ADD CONSTRAINT rentals_user_groups_pkey PRIMARY KEY (id);


--
-- Name: rentals_user_groups rentals_user_groups_user_id_group_id_655195f8_uniq; Type: CONSTRAINT; Schema: public; Owner: jetlux_admin
--

ALTER TABLE ONLY public.rentals_user_groups
    ADD CONSTRAINT rentals_user_groups_user_id_group_id_655195f8_uniq UNIQUE (user_id, group_id);


--
-- Name: rentals_user rentals_user_pkey; Type: CONSTRAINT; Schema: public; Owner: jetlux_admin
--

ALTER TABLE ONLY public.rentals_user
    ADD CONSTRAINT rentals_user_pkey PRIMARY KEY (id);


--
-- Name: rentals_user_user_permissions rentals_user_user_permis_user_id_permission_id_1ef3d8c2_uniq; Type: CONSTRAINT; Schema: public; Owner: jetlux_admin
--

ALTER TABLE ONLY public.rentals_user_user_permissions
    ADD CONSTRAINT rentals_user_user_permis_user_id_permission_id_1ef3d8c2_uniq UNIQUE (user_id, permission_id);


--
-- Name: rentals_user_user_permissions rentals_user_user_permissions_pkey; Type: CONSTRAINT; Schema: public; Owner: jetlux_admin
--

ALTER TABLE ONLY public.rentals_user_user_permissions
    ADD CONSTRAINT rentals_user_user_permissions_pkey PRIMARY KEY (id);


--
-- Name: rentals_user rentals_user_username_key; Type: CONSTRAINT; Schema: public; Owner: jetlux_admin
--

ALTER TABLE ONLY public.rentals_user
    ADD CONSTRAINT rentals_user_username_key UNIQUE (username);


--
-- Name: rentals_vehicle rentals_vehicle_pkey; Type: CONSTRAINT; Schema: public; Owner: jetlux_admin
--

ALTER TABLE ONLY public.rentals_vehicle
    ADD CONSTRAINT rentals_vehicle_pkey PRIMARY KEY (id);


--
-- Name: rentals_waiveragreement rentals_waiveragreement_pkey; Type: CONSTRAINT; Schema: public; Owner: jetlux_admin
--

ALTER TABLE ONLY public.rentals_waiveragreement
    ADD CONSTRAINT rentals_waiveragreement_pkey PRIMARY KEY (id);


--
-- Name: auth_group_name_a6ea08ec_like; Type: INDEX; Schema: public; Owner: jetlux_admin
--

CREATE INDEX auth_group_name_a6ea08ec_like ON public.auth_group USING btree (name varchar_pattern_ops);


--
-- Name: auth_group_permissions_group_id_b120cbf9; Type: INDEX; Schema: public; Owner: jetlux_admin
--

CREATE INDEX auth_group_permissions_group_id_b120cbf9 ON public.auth_group_permissions USING btree (group_id);


--
-- Name: auth_group_permissions_permission_id_84c5c92e; Type: INDEX; Schema: public; Owner: jetlux_admin
--

CREATE INDEX auth_group_permissions_permission_id_84c5c92e ON public.auth_group_permissions USING btree (permission_id);


--
-- Name: auth_permission_content_type_id_2f476e4b; Type: INDEX; Schema: public; Owner: jetlux_admin
--

CREATE INDEX auth_permission_content_type_id_2f476e4b ON public.auth_permission USING btree (content_type_id);


--
-- Name: django_admin_log_content_type_id_c4bce8eb; Type: INDEX; Schema: public; Owner: jetlux_admin
--

CREATE INDEX django_admin_log_content_type_id_c4bce8eb ON public.django_admin_log USING btree (content_type_id);


--
-- Name: django_admin_log_user_id_c564eba6; Type: INDEX; Schema: public; Owner: jetlux_admin
--

CREATE INDEX django_admin_log_user_id_c564eba6 ON public.django_admin_log USING btree (user_id);


--
-- Name: django_session_expire_date_a5c62663; Type: INDEX; Schema: public; Owner: jetlux_admin
--

CREATE INDEX django_session_expire_date_a5c62663 ON public.django_session USING btree (expire_date);


--
-- Name: django_session_session_key_c0390e0f_like; Type: INDEX; Schema: public; Owner: jetlux_admin
--

CREATE INDEX django_session_session_key_c0390e0f_like ON public.django_session USING btree (session_key varchar_pattern_ops);


--
-- Name: rentals_appointment_buddy_id_e457d335; Type: INDEX; Schema: public; Owner: jetlux_admin
--

CREATE INDEX rentals_appointment_buddy_id_e457d335 ON public.rentals_appointment USING btree (buddy_id);


--
-- Name: rentals_appointment_user_id_ff193b12; Type: INDEX; Schema: public; Owner: jetlux_admin
--

CREATE INDEX rentals_appointment_user_id_ff193b12 ON public.rentals_appointment USING btree (user_id);


--
-- Name: rentals_photo_rental_id_40b9016a; Type: INDEX; Schema: public; Owner: jetlux_admin
--

CREATE INDEX rentals_photo_rental_id_40b9016a ON public.rentals_photo USING btree (rental_id);


--
-- Name: rentals_photo_user_id_cd941586; Type: INDEX; Schema: public; Owner: jetlux_admin
--

CREATE INDEX rentals_photo_user_id_cd941586 ON public.rentals_photo USING btree (user_id);


--
-- Name: rentals_rental_user_id_ba799885; Type: INDEX; Schema: public; Owner: jetlux_admin
--

CREATE INDEX rentals_rental_user_id_ba799885 ON public.rentals_rental USING btree (user_id);


--
-- Name: rentals_review_user_id_fcb738a9; Type: INDEX; Schema: public; Owner: jetlux_admin
--

CREATE INDEX rentals_review_user_id_fcb738a9 ON public.rentals_review USING btree (user_id);


--
-- Name: rentals_user_groups_group_id_558568a4; Type: INDEX; Schema: public; Owner: jetlux_admin
--

CREATE INDEX rentals_user_groups_group_id_558568a4 ON public.rentals_user_groups USING btree (group_id);


--
-- Name: rentals_user_groups_user_id_4c3dc448; Type: INDEX; Schema: public; Owner: jetlux_admin
--

CREATE INDEX rentals_user_groups_user_id_4c3dc448 ON public.rentals_user_groups USING btree (user_id);


--
-- Name: rentals_user_user_permissions_permission_id_725d78d6; Type: INDEX; Schema: public; Owner: jetlux_admin
--

CREATE INDEX rentals_user_user_permissions_permission_id_725d78d6 ON public.rentals_user_user_permissions USING btree (permission_id);


--
-- Name: rentals_user_user_permissions_user_id_893bad91; Type: INDEX; Schema: public; Owner: jetlux_admin
--

CREATE INDEX rentals_user_user_permissions_user_id_893bad91 ON public.rentals_user_user_permissions USING btree (user_id);


--
-- Name: rentals_user_username_6b72a3f4_like; Type: INDEX; Schema: public; Owner: jetlux_admin
--

CREATE INDEX rentals_user_username_6b72a3f4_like ON public.rentals_user USING btree (username varchar_pattern_ops);


--
-- Name: rentals_vehicle_owner_id_c465a86a; Type: INDEX; Schema: public; Owner: jetlux_admin
--

CREATE INDEX rentals_vehicle_owner_id_c465a86a ON public.rentals_vehicle USING btree (owner_id);


--
-- Name: rentals_waiveragreement_user_id_d2855629; Type: INDEX; Schema: public; Owner: jetlux_admin
--

CREATE INDEX rentals_waiveragreement_user_id_d2855629 ON public.rentals_waiveragreement USING btree (user_id);


--
-- Name: auth_group_permissions auth_group_permissio_permission_id_84c5c92e_fk_auth_perm; Type: FK CONSTRAINT; Schema: public; Owner: jetlux_admin
--

ALTER TABLE ONLY public.auth_group_permissions
    ADD CONSTRAINT auth_group_permissio_permission_id_84c5c92e_fk_auth_perm FOREIGN KEY (permission_id) REFERENCES public.auth_permission(id) DEFERRABLE INITIALLY DEFERRED;


--
-- Name: auth_group_permissions auth_group_permissions_group_id_b120cbf9_fk_auth_group_id; Type: FK CONSTRAINT; Schema: public; Owner: jetlux_admin
--

ALTER TABLE ONLY public.auth_group_permissions
    ADD CONSTRAINT auth_group_permissions_group_id_b120cbf9_fk_auth_group_id FOREIGN KEY (group_id) REFERENCES public.auth_group(id) DEFERRABLE INITIALLY DEFERRED;


--
-- Name: auth_permission auth_permission_content_type_id_2f476e4b_fk_django_co; Type: FK CONSTRAINT; Schema: public; Owner: jetlux_admin
--

ALTER TABLE ONLY public.auth_permission
    ADD CONSTRAINT auth_permission_content_type_id_2f476e4b_fk_django_co FOREIGN KEY (content_type_id) REFERENCES public.django_content_type(id) DEFERRABLE INITIALLY DEFERRED;


--
-- Name: django_admin_log django_admin_log_content_type_id_c4bce8eb_fk_django_co; Type: FK CONSTRAINT; Schema: public; Owner: jetlux_admin
--

ALTER TABLE ONLY public.django_admin_log
    ADD CONSTRAINT django_admin_log_content_type_id_c4bce8eb_fk_django_co FOREIGN KEY (content_type_id) REFERENCES public.django_content_type(id) DEFERRABLE INITIALLY DEFERRED;


--
-- Name: django_admin_log django_admin_log_user_id_c564eba6_fk_rentals_user_id; Type: FK CONSTRAINT; Schema: public; Owner: jetlux_admin
--

ALTER TABLE ONLY public.django_admin_log
    ADD CONSTRAINT django_admin_log_user_id_c564eba6_fk_rentals_user_id FOREIGN KEY (user_id) REFERENCES public.rentals_user(id) DEFERRABLE INITIALLY DEFERRED;


--
-- Name: rentals_appointment rentals_appointment_buddy_id_e457d335_fk_rentals_skibuddy_id; Type: FK CONSTRAINT; Schema: public; Owner: jetlux_admin
--

ALTER TABLE ONLY public.rentals_appointment
    ADD CONSTRAINT rentals_appointment_buddy_id_e457d335_fk_rentals_skibuddy_id FOREIGN KEY (buddy_id) REFERENCES public.rentals_skibuddy(id) DEFERRABLE INITIALLY DEFERRED;


--
-- Name: rentals_appointment rentals_appointment_user_id_ff193b12_fk_rentals_user_id; Type: FK CONSTRAINT; Schema: public; Owner: jetlux_admin
--

ALTER TABLE ONLY public.rentals_appointment
    ADD CONSTRAINT rentals_appointment_user_id_ff193b12_fk_rentals_user_id FOREIGN KEY (user_id) REFERENCES public.rentals_user(id) DEFERRABLE INITIALLY DEFERRED;


--
-- Name: rentals_photo rentals_photo_rental_id_40b9016a_fk_rentals_rental_id; Type: FK CONSTRAINT; Schema: public; Owner: jetlux_admin
--

ALTER TABLE ONLY public.rentals_photo
    ADD CONSTRAINT rentals_photo_rental_id_40b9016a_fk_rentals_rental_id FOREIGN KEY (rental_id) REFERENCES public.rentals_rental(id) DEFERRABLE INITIALLY DEFERRED;


--
-- Name: rentals_photo rentals_photo_user_id_cd941586_fk_rentals_user_id; Type: FK CONSTRAINT; Schema: public; Owner: jetlux_admin
--

ALTER TABLE ONLY public.rentals_photo
    ADD CONSTRAINT rentals_photo_user_id_cd941586_fk_rentals_user_id FOREIGN KEY (user_id) REFERENCES public.rentals_user(id) DEFERRABLE INITIALLY DEFERRED;


--
-- Name: rentals_rental rentals_rental_user_id_ba799885_fk_rentals_user_id; Type: FK CONSTRAINT; Schema: public; Owner: jetlux_admin
--

ALTER TABLE ONLY public.rentals_rental
    ADD CONSTRAINT rentals_rental_user_id_ba799885_fk_rentals_user_id FOREIGN KEY (user_id) REFERENCES public.rentals_user(id) DEFERRABLE INITIALLY DEFERRED;


--
-- Name: rentals_review rentals_review_user_id_fcb738a9_fk_rentals_user_id; Type: FK CONSTRAINT; Schema: public; Owner: jetlux_admin
--

ALTER TABLE ONLY public.rentals_review
    ADD CONSTRAINT rentals_review_user_id_fcb738a9_fk_rentals_user_id FOREIGN KEY (user_id) REFERENCES public.rentals_user(id) DEFERRABLE INITIALLY DEFERRED;


--
-- Name: rentals_skibuddy rentals_skibuddy_user_id_587fbc37_fk_rentals_user_id; Type: FK CONSTRAINT; Schema: public; Owner: jetlux_admin
--

ALTER TABLE ONLY public.rentals_skibuddy
    ADD CONSTRAINT rentals_skibuddy_user_id_587fbc37_fk_rentals_user_id FOREIGN KEY (user_id) REFERENCES public.rentals_user(id) DEFERRABLE INITIALLY DEFERRED;


--
-- Name: rentals_user_groups rentals_user_groups_group_id_558568a4_fk_auth_group_id; Type: FK CONSTRAINT; Schema: public; Owner: jetlux_admin
--

ALTER TABLE ONLY public.rentals_user_groups
    ADD CONSTRAINT rentals_user_groups_group_id_558568a4_fk_auth_group_id FOREIGN KEY (group_id) REFERENCES public.auth_group(id) DEFERRABLE INITIALLY DEFERRED;


--
-- Name: rentals_user_groups rentals_user_groups_user_id_4c3dc448_fk_rentals_user_id; Type: FK CONSTRAINT; Schema: public; Owner: jetlux_admin
--

ALTER TABLE ONLY public.rentals_user_groups
    ADD CONSTRAINT rentals_user_groups_user_id_4c3dc448_fk_rentals_user_id FOREIGN KEY (user_id) REFERENCES public.rentals_user(id) DEFERRABLE INITIALLY DEFERRED;


--
-- Name: rentals_user_user_permissions rentals_user_user_pe_permission_id_725d78d6_fk_auth_perm; Type: FK CONSTRAINT; Schema: public; Owner: jetlux_admin
--

ALTER TABLE ONLY public.rentals_user_user_permissions
    ADD CONSTRAINT rentals_user_user_pe_permission_id_725d78d6_fk_auth_perm FOREIGN KEY (permission_id) REFERENCES public.auth_permission(id) DEFERRABLE INITIALLY DEFERRED;


--
-- Name: rentals_user_user_permissions rentals_user_user_pe_user_id_893bad91_fk_rentals_u; Type: FK CONSTRAINT; Schema: public; Owner: jetlux_admin
--

ALTER TABLE ONLY public.rentals_user_user_permissions
    ADD CONSTRAINT rentals_user_user_pe_user_id_893bad91_fk_rentals_u FOREIGN KEY (user_id) REFERENCES public.rentals_user(id) DEFERRABLE INITIALLY DEFERRED;


--
-- Name: rentals_vehicle rentals_vehicle_owner_id_c465a86a_fk_rentals_user_id; Type: FK CONSTRAINT; Schema: public; Owner: jetlux_admin
--

ALTER TABLE ONLY public.rentals_vehicle
    ADD CONSTRAINT rentals_vehicle_owner_id_c465a86a_fk_rentals_user_id FOREIGN KEY (owner_id) REFERENCES public.rentals_user(id) DEFERRABLE INITIALLY DEFERRED;


--
-- Name: rentals_waiveragreement rentals_waiveragreement_user_id_d2855629_fk_rentals_user_id; Type: FK CONSTRAINT; Schema: public; Owner: jetlux_admin
--

ALTER TABLE ONLY public.rentals_waiveragreement
    ADD CONSTRAINT rentals_waiveragreement_user_id_d2855629_fk_rentals_user_id FOREIGN KEY (user_id) REFERENCES public.rentals_user(id) DEFERRABLE INITIALLY DEFERRED;


--
-- PostgreSQL database dump complete
--

